{
  "annotations": {
    "list": [
      {
        "builtIn": 1,
        "datasource": "-- Grafana --",
        "enable": true,
        "hide": true,
        "iconColor": "rgba(0, 211, 255, 1)",
        "name": "Annotations & Alerts",
        "type": "dashboard"
      }
    ]
  },
  "editable": true,
  "gnetId": null,
  "graphTooltip": 0,
  "id": 11,
  "links": [],
  "panels": [
    {
      "aliasColors": {},
      "bars": false,
      "dashLength": 10,
      "dashes": false,
      "datasource": "clickhouse",
      "description": "try to reproduce https://github.com/Vertamedia/clickhouse-grafana/issues/135",
      "fieldConfig": {
        "defaults": {
          "custom": {}
        },
        "overrides": []
      },
      "fill": 1,
      "fillGradient": 0,
      "gridPos": {
        "h": 9,
        "w": 12,
        "x": 0,
        "y": 0
      },
      "hiddenSeries": false,
      "id": 2,
      "legend": {
        "avg": false,
        "current": false,
        "max": false,
        "min": false,
        "show": true,
        "total": false,
        "values": false
      },
      "lines": true,
      "linewidth": 1,
      "nullPointMode": "null",
      "percentage": false,
      "pluginVersion": "7.1.0",
      "pointradius": 2,
      "points": false,
      "renderer": "flot",
      "seriesOverrides": [],
      "spaceLength": 10,
      "stack": false,
      "steppedLine": false,
      "targets": [
        {
          "database": "default",
          "dateColDataType": "",
          "dateLoading": false,
          "dateTimeColDataType": "event_time",
          "dateTimeType": "DATETIME",
          "datetimeLoading": false,
          "extrapolate": true,
          "format": "time_series",
          "formattedQuery": "SELECT $timeSeries as t, count() FROM $table WHERE $timeFilter GROUP BY t ORDER BY t",
          "interval": "",
          "intervalFactor": 1,
          "query": "SELECT\n    $timeSeries as t,\n    count()\nFROM $table\nWHERE event_time >= toDateTime(intDiv($__from,1000)) AND event_time <= toDateTime(intDiv($__to,1000))\nGROUP BY t\nORDER BY t",
          "rawQuery": "SELECT     (intDiv(toUInt32(event_time), 20) * 20) * 1000 as t,     count() FROM default.test_grafana WHERE event_time >= toDateTime(intDiv(1595293724314,1000)) AND event_time <= toDateTime(intDiv(1595315324314,1000)) GROUP BY t ORDER BY t",
          "refId": "A",
          "round": "0s",
          "table": "test_grafana",
          "tableLoading": false
        }
      ],
      "thresholds": [],
      "timeFrom": null,
      "timeRegions": [],
      "timeShift": null,
      "title": "from = $__from and to=$__to",
      "tooltip": {
        "shared": true,
        "sort": 0,
        "value_type": "individual"
      },
      "type": "graph",
      "xaxis": {
        "buckets": null,
        "mode": "time",
        "name": null,
        "show": true,
        "values": []
      },
      "yaxes": [
        {
          "$$hashKey": "object:74",
          "format": "short",
          "label": null,
          "logBase": 1,
          "max": null,
          "min": null,
          "show": true
        },
        {
          "$$hashKey": "object:75",
          "format": "short",
          "label": null,
          "logBase": 1,
          "max": null,
          "min": null,
          "show": true
        }
      ],
      "yaxis": {
        "align": false,
        "alignLevel": null
      }
    }
  ],
  "schemaVersion": 26,
  "style": "dark",
  "tags": [],
  "templating": {
    "list": []
  },
  "time": {
    "from": "now-6h",
    "to": "now"
  },
  "timepicker": {},
  "timezone": "",
  "title": "__from and __to usage without save prompt",
  "uid": "1TCHXl7Mz",
  "version": 2
}