{
  "annotations": {
    "list": [
      {
        "builtIn": 1,
        "datasource": "-- Grafana --",
        "enable": true,
        "hide": true,
        "iconColor": "rgba(0, 211, 255, 1)",
        "name": "Annotations & Alerts",
        "type": "dashboard"
      }
    ]
  },
  "editable": true,
  "gnetId": null,
  "graphTooltip": 0,
  "id": 10,
  "iteration": 1595311979633,
  "links": [],
  "panels": [
    {
      "aliasColors": {},
      "bars": false,
      "dashLength": 10,
      "dashes": false,
      "datasource": "clickhouse",
      "fieldConfig": {
        "defaults": {
          "custom": {}
        },
        "overrides": []
      },
      "fill": 1,
      "fillGradient": 0,
      "gridPos": {
        "h": 9,
        "w": 12,
        "x": 0,
        "y": 0
      },
      "hiddenSeries": false,
      "id": 2,
      "legend": {
        "avg": false,
        "current": false,
        "max": false,
        "min": false,
        "show": true,
        "total": false,
        "values": false
      },
      "lines": true,
      "linewidth": 1,
      "nullPointMode": "null",
      "percentage": false,
      "pluginVersion": "7.1.0",
      "pointradius": 2,
      "points": false,
      "renderer": "flot",
      "seriesOverrides": [],
      "spaceLength": 10,
      "stack": false,
      "steppedLine": false,
      "targets": [
        {
          "database": "default",
          "dateColDataType": "",
          "dateLoading": false,
          "dateTimeColDataType": "event_time",
          "dateTimeType": "DATETIME",
          "datetimeLoading": false,
          "extrapolate": true,
          "format": "time_series",
          "formattedQuery": "SELECT $timeSeries as t, count() FROM $table WHERE $timeFilter GROUP BY t ORDER BY t",
          "interval": "",
          "intervalFactor": 1,
          "query": "SELECT\n    $timeSeries as t,\n    ${columns:csv},\n    count()\nFROM $table\nWHERE $timeFilter\nGROUP BY t, ${columns:csv}\nORDER BY t",
          "rawQuery": "SELECT     (intDiv(toUInt32(event_time), 20) * 20) * 1000 as t,     service_name,country,     count() FROM default.test_grafana WHERE event_time >= toDateTime(1595290527) GROUP BY t, service_name,country ORDER BY t",
          "refId": "A",
          "round": "0s",
          "table": "test_grafana",
          "tableLoading": false
        }
      ],
      "thresholds": [],
      "timeFrom": null,
      "timeRegions": [],
      "timeShift": null,
      "title": "Panel Title",
      "tooltip": {
        "shared": true,
        "sort": 0,
        "value_type": "individual"
      },
      "type": "graph",
      "xaxis": {
        "buckets": null,
        "mode": "time",
        "name": null,
        "show": true,
        "values": []
      },
      "yaxes": [
        {
          "$$hashKey": "object:182",
          "format": "short",
          "label": null,
          "logBase": 1,
          "max": null,
          "min": null,
          "show": true
        },
        {
          "$$hashKey": "object:183",
          "format": "short",
          "label": null,
          "logBase": 1,
          "max": null,
          "min": null,
          "show": true
        }
      ],
      "yaxis": {
        "align": false,
        "alignLevel": null
      }
    }
  ],
  "schemaVersion": 26,
  "style": "dark",
  "tags": [],
  "templating": {
    "list": [
      {
        "allValue": null,
        "current": {
          "selected": true,
          "tags": [],
          "text": "service_name + country",
          "value": [
            "service_name",
            "country"
          ]
        },
        "datasource": "clickhouse",
        "definition": "SELECT name FROM system.columns WHERE database='default' AND table='test_grafana' AND type='LowCardinality(String)'",
        "hide": 0,
        "includeAll": false,
        "label": null,
        "multi": true,
        "name": "columns",
        "options": [
          {
            "selected": true,
            "text": "service_name",
            "value": "service_name"
          },
          {
            "selected": true,
            "text": "country",
            "value": "country"
          }
        ],
        "query": "SELECT name FROM system.columns WHERE database='default' AND table='test_grafana' AND type='LowCardinality(String)'",
        "refresh": 0,
        "regex": "",
        "skipUrlSync": false,
        "sort": 0,
        "tagValuesQuery": "",
        "tags": [],
        "tagsQuery": "",
        "type": "query",
        "useTags": false
      }
    ]
  },
  "time": {
    "from": "now-6h",
    "to": "now"
  },
  "timepicker": {
    "refresh_intervals": [
      "10s",
      "30s",
      "1m",
      "5m",
      "15m",
      "30m",
      "1h",
      "2h",
      "1d"
    ]
  },
  "timezone": "",
  "title": "multi-value variables as columns",
  "uid": "odOdUl7Gk",
  "version": 2
}