{
  "annotations": {
    "list": [
      {
        "builtIn": 1,
        "datasource": "-- Grafana --",
        "enable": true,
        "hide": true,
        "iconColor": "rgba(0, 211, 255, 1)",
        "name": "Annotations & Alerts",
        "type": "dashboard"
      }
    ]
  },
  "editable": true,
  "gnetId": null,
  "graphTooltip": 0,
  "id": 12,
  "links": [],
  "panels": [
    {
      "datasource": "trickster",
      "description": "see https://github.com/Vertamedia/clickhouse-grafana/issues/281",
      "fieldConfig": {
        "defaults": {
          "custom": {
            "align": null
          },
          "mappings": [],
          "thresholds": {
            "mode": "absolute",
            "steps": [
              {
                "color": "green",
                "value": null
              },
              {
                "color": "red",
                "value": 80
              }
            ]
          }
        },
        "overrides": []
      },
      "gridPos": {
        "h": 9,
        "w": 12,
        "x": 0,
        "y": 0
      },
      "id": 2,
      "options": {
        "frameIndex": 1,
        "showHeader": true
      },
      "pluginVersion": "7.1.5",
      "targets": [
        {
          "database": "default",
          "dateColDataType": "",
          "dateLoading": false,
          "dateTimeColDataType": "event_time",
          "dateTimeType": "DATETIME",
          "datetimeLoading": false,
          "extrapolate": true,
          "format": "table",
          "formattedQuery": "SELECT $timeSeries as t, count() FROM $table WHERE $timeFilter GROUP BY t ORDER BY t",
          "interval": "",
          "intervalFactor": 1,
          "query": "SELECT\n    $timeSeries as t,\n    count() AS b,\n    sum(t % 100000) AS a\nFROM $table\n\nWHERE $timeFilter\n\nGROUP BY t\n\nORDER BY t\n",
          "rawQuery": "SELECT\n    (intDiv(toUInt32(event_time), 20) * 20) * 1000 as t,\n    count() AS b,\n    sum(t % 100000) AS a\nFROM default.test_grafana\n\nWHERE event_time >= toDateTime(1599720489)\n\nGROUP BY t\n\nORDER BY t",
          "refId": "A",
          "round": "0s",
          "skip_comments": true,
          "table": "test_grafana",
          "tableLoading": false
        }
      ],
      "timeFrom": null,
      "timeShift": null,
      "title": "Trickster Source - column orders",
      "type": "table"
    }
  ],
  "schemaVersion": 26,
  "style": "dark",
  "tags": [],
  "templating": {
    "list": []
  },
  "time": {
    "from": "now-6h",
    "to": "now"
  },
  "timepicker": {},
  "timezone": "",
  "title": "Trickster dashboard",
  "uid": "2LfUU3vMz",
  "version": 1
}