{
  "annotations": {
    "list": [
      {
        "builtIn": 1,
        "datasource": "-- Grafana --",
        "enable": true,
        "hide": true,
        "iconColor": "rgba(0, 211, 255, 1)",
        "name": "Annotations & Alerts",
        "type": "dashboard"
      }
    ]
  },
  "editable": true,
  "gnetId": null,
  "graphTooltip": 0,
  "id": 7,
  "links": [],
  "panels": [
    {
      "datasource": "clickhouse",
      "description": "",
      "fieldConfig": {
        "defaults": {
          "custom": {
            "align": null
          },
          "mappings": [],
          "min": 0,
          "thresholds": {
            "mode": "absolute",
            "steps": [
              {
                "color": "green",
                "value": null
              },
              {
                "color": "red",
                "value": 80
              }
            ]
          },
          "unit": "short"
        },
        "overrides": []
      },
      "gridPos": {
        "h": 8,
        "w": 12,
        "x": 0,
        "y": 0
      },
      "id": 4,
      "options": {
        "showHeader": true,
        "sortBy": [
          {
            "desc": false,
            "displayName": "total"
          }
        ]
      },
      "pluginVersion": "7.0.5",
      "targets": [
        {
          "database": "default",
          "dateColDataType": "",
          "dateLoading": false,
          "dateTimeColDataType": "event_time",
          "dateTimeType": "DATETIME",
          "datetimeLoading": false,
          "extrapolate": true,
          "format": "time_series",
          "formattedQuery": "SELECT $timeSeries as t, count() FROM $table WHERE $timeFilter GROUP BY t ORDER BY t",
          "interval": "",
          "intervalFactor": 1,
          "query": "SELECT\n    $timeSeries as t,\n    rand() / 100 AS total\nFROM $table\nWHERE $timeFilter\nGROUP BY t\nORDER BY t",
          "rawQuery": "SELECT     (intDiv(toUInt32(event_time), 20) * 20) * 1000 as t,     rand() / 100 AS total FROM default.test_grafana WHERE event_time >= toDateTime(1594093950) GROUP BY t ORDER BY t",
          "refId": "A",
          "round": "0s",
          "table": "test_grafana",
          "tableLoading": false
        }
      ],
      "timeFrom": null,
      "timeShift": null,
      "title": "table short format",
      "type": "table"
    },
    {
      "circleMaxSize": 30,
      "circleMinSize": 2,
      "colors": [
        "rgba(245, 54, 54, 0.9)",
        "rgba(237, 129, 40, 0.89)",
        "rgba(50, 172, 45, 0.97)",
        "#B877D9"
      ],
      "datasource": "clickhouse",
      "decimals": 0,
      "description": "see https://github.com/Vertamedia/clickhouse-grafana/issues/124",
      "esMetric": "Count",
      "fieldConfig": {
        "defaults": {
          "custom": {}
        },
        "overrides": []
      },
      "gridPos": {
        "h": 9,
        "w": 12,
        "x": 0,
        "y": 8
      },
      "hideEmpty": false,
      "hideZero": false,
      "id": 2,
      "initialZoom": 1,
      "locationData": "countries",
      "mapCenter": "(0°, 0°)",
      "mapCenterLatitude": 0,
      "mapCenterLongitude": 0,
      "maxDataPoints": 1,
      "mouseWheelZoom": false,
      "showLegend": true,
      "stickyLabels": false,
      "tableQueryOptions": {
        "geohashField": "geohash",
        "latitudeField": "latitude",
        "longitudeField": "longitude",
        "metricField": "metric",
        "queryType": "geohash"
      },
      "targets": [
        {
          "database": "default",
          "dateColDataType": "",
          "dateLoading": false,
          "dateTimeColDataType": "event_time",
          "dateTimeType": "DATETIME",
          "datetimeLoading": false,
          "extrapolate": true,
          "format": "time_series",
          "formattedQuery": "SELECT $timeSeries as t, count() FROM $table WHERE $timeFilter GROUP BY t ORDER BY t",
          "intervalFactor": 1,
          "query": "SELECT\n    $timeSeries as t,\n    country,\n    sum(too_big_value) AS value\nFROM $table\nWHERE $timeFilter\nGROUP BY t,country\nORDER BY t,country",
          "rawQuery": "SELECT     (intDiv(toUInt32(event_time), 21600) * 21600) * 1000 as t,     country,     sum(too_big_value) AS value FROM default.test_grafana WHERE event_time >= toDateTime(1594094084) GROUP BY t,country ORDER BY t,country",
          "refId": "A",
          "round": "0s",
          "table": "test_grafana",
          "tableLoading": false
        }
      ],
      "thresholds": "0,1000000,1000000000",
      "timeFrom": null,
      "timeShift": null,
      "title": "World Map Example",
      "type": "grafana-worldmap-panel",
      "unitPlural": "",
      "unitSingle": "",
      "valueName": "total"
    }
  ],
  "schemaVersion": 25,
  "style": "dark",
  "tags": [],
  "templating": {
    "list": []
  },
  "time": {
    "from": "now-6h",
    "to": "now"
  },
  "timepicker": {
    "refresh_intervals": [
      "10s",
      "30s",
      "1m",
      "5m",
      "15m",
      "30m",
      "1h",
      "2h",
      "1d"
    ]
  },
  "timezone": "",
  "title": "worldmap and table format example",
  "uid": "kdQHiyMGk",
  "version": 3
}